[
  {
    "id": 1,
    "titre": "Moi et l'anarchisme",
    "contenu": "✨ Qui suis-je ?\r\nJe m’intéresse à l’anarchie, non pas comme un simple mot qu’on réduit au désordre, mais comme une idée vivante : celle d’une société sans domination, où la liberté de chacun et chacune s’épanouit dans le respect de tous.\r\n\r\nPour moi, l’anarchie, c’est chercher des alternatives aux systèmes d’oppression, expérimenter l’entraide, l’autonomie et la solidarité. C’est aussi questionner ce qui nous paraît “normal” dans le monde actuel : les hiérarchies, les inégalités, la course à la consommation, les rapports de pouvoir.\r\n\r\nÀ travers ce blog, j’aimerais partager mes réflexions, mes découvertes, mes doutes aussi. Pas pour imposer une vérité, mais pour ouvrir un espace d’échange et de pensée critique.\r\n\r\n🌱 L’anarchie, ce n’est pas l’absence de règles, c’est l’absence de maîtres.\r\nC’est croire que nous pouvons nous organiser autrement, avec confiance et créativité.\r\n\r\nBienvenue dans mon coin de réflexion."
  },
  {
    "id": 2,
    "titre": "Trump",
    "contenu": "En réfléchissant à Trump et à ce qu’il représente, je me rends compte que les avis divergent même parmi ceux qui analysent le pouvoir de manière critique. Certains disent que Trump n’est pas un fasciste “classique”, parce qu’il ne dirige pas un parti unique, que les institutions continuent d’exister et que son mouvement est plus chaotique qu’idéologique. Selon cette vision, il incarne plutôt une forme d’autoritarisme populiste, dépendant des élites économiques et du système, et son rôle doit être compris dans la continuité des oppressions existantes : racisme, capitalisme, patriarcat, hiérarchie…\r\n\r\nPourtant, d’autres analyses me montrent que Trump partage beaucoup de traits avec le fascisme, même si adapté à notre époque. Le culte du chef, le nationalisme exacerbé, la peur instrumentalisée, la désinformation et la tolérance envers la violence organisée me paraissent bien réels. Même si ce n’est pas exactement l’Italie ou l’Allemagne des années 1930, cette logique de pouvoir hiérarchique et répressif me semble dangereuse et proche du fascisme moderne.\r\n\r\nPersonnellement, ce que je retiens, c’est que peu importe le terme exact que l’on utilise : autoritarisme, fascisme ou populisme extrême, l’essentiel est de comprendre comment le pouvoir s’exerce et quelles structures d’oppression il entretient. Et surtout, en tant qu’anarchiste, cela me rappelle que mon engagement doit se concentrer sur la construction d’alternatives concrètes, basées sur l’autonomie, la solidarité et l’entraide, plutôt que de me limiter à nommer le problème."
  },
  {
    "id": 3,
    "titre": "Anarchie",
    "contenu": "Définition de l'anarchie\r\n\r\nEtymologie : du grec an, préfixe privatif, et de arkhê, pouvoir, commandement.\r\n\r\nL'anarchie est un système politique qui vise à l'émancipation de toute autorité ou tutelle gouvernementale. L'Etat est considéré comme n'étant pas nécessaire et aucun individu ne se trouve sous la domination d'un autre (absence de hiérarchie entre les hommes). Le système social anarchique est fondé sur la libre entente des différentes composantes de la société.\r\n\r\nTrès souvent utilisé de manière péjorative, le terme anarchie désigne alors l'état de ce qui est sans commandement, sans lois. Il est synonyme de désordres, de confusion et de troubles qui n'ont rien à voir avec l'anarchie - système politique -, mais qui sont souvent liés à l'existence de pouvoirs concurrents. En raison de ce double sens du mot anarchie, source de confusion, l'usage du mot libertaire, à la place d'anarchiste, s'est développé depuis la fin du XIXe siècle. Autre synonyme : Acratie.\r\n\r\nPour les anarchistes, l'anarchie n'est pas synonyme de chaos, mais correspond à une situation harmonieuse résultant de l'abolition de l'Etat et de toutes les formes de domination et l'exploitation de l'Homme. Elle est fondée sur l'égalité entre les individus, la libre association, la fédération ou l'autogestion, voire parfois le collectivisme. L'anarchie est donc structurée et organisée, sans qu'il y ait une quelconque primauté de l'organisation sur l'individu.\r\n\r\nEn tant que doctrine politique, l'anarchie n'a été mise en pratique que très partiellement et ponctuellement. Mais elle a été développée sur le plan théorique par Charles Fourier (1772-1837), Pierre Joseph Proudhon (1809-1865), Michaël Bakounine (1814-1876).\r\n\r\nL'anarchisme est le mouvement social ou politique qui a pour objectif de mettre en place l'anarchie."
  },
  {
    "id": 4,
    "titre": "proudhon",
    "contenu": "Pierre-Joseph Proudhon (1809-1865) est un penseur français considéré comme l’un des pères de l’anarchisme et du socialisme critique. Sa pensée est complexe, mais on peut la résumer autour de quelques idées clés :\r\n\r\nCritique de la propriété\r\n\r\nSa formule célèbre « La propriété, c’est le vol ! » vise la propriété capitaliste (appropriation de la terre, du capital, du travail d’autrui).\r\n\r\nIl distingue la propriété abusive (exploitation, rente, spéculation) de la possession légitime (usage direct par le travailleur de ses outils, de sa terre).\r\n\r\nAnarchisme et anti-étatisme\r\n\r\nProudhon ne croit ni dans l’État, ni dans les révolutions centralisées.\r\n\r\nPour lui, l’État engendre domination et hiérarchie ; il faut tendre vers une société sans pouvoir central coercitif.\r\n\r\nMutualisme\r\n\r\nIl propose un système économique fondé sur l’association volontaire, le crédit mutuel, la coopération entre producteurs et consommateurs.\r\n\r\nLes échanges devraient reposer sur l’équivalence du travail (un produit = une quantité de travail), sans exploitation.\r\n\r\nOrganisation sociale fédéraliste\r\n\r\nPlutôt que l’État, Proudhon prône une fédération d’associations libres : communes, coopératives, syndicats, fédérées horizontalement.\r\n\r\nChaque groupe s’autogère, et la coordination se fait par contrats mutuels, non par autorité hiérarchique.\r\n\r\nHostilité aux utopies autoritaires\r\n\r\nContrairement à Marx, il refuse le socialisme étatiste et la dictature du prolétariat.\r\n\r\nIl se méfie aussi des systèmes rigides : pour lui, la société doit rester un équilibre mouvant de forces contraires, jamais figée."
  }
]